id,label
Hawking radiation,Hawking radiation
LIGO observatory,LIGO observatory
Schwarzschild radius,Schwarzschild radius
astronomical research,astronomical research
astrophysical phenomena,astrophysical phenomena
astrophysical properties,astrophysical properties
astrophysical research,astrophysical research
astrophysics,astrophysics
black hole dynamics,black hole dynamics
black hole evaporation,black hole evaporation
black hole properties,black hole properties
black hole radiation,black hole radiation
black hole size,black hole size
black holes,black holes
captivating,captivating
classical general relativity,classical general relativity
collapse,collapse
complexity and beauty,complexity and beauty
cosmic entities,cosmic entities
cosmic phenomena,cosmic phenomena
cosmic wonders,cosmic wonders
curvature,curvature
escape velocity,escape velocity
event horizon,event horizon
event horizon encoding,event horizon encoding
formation,formation
fundamental laws,fundamental laws
gravitational effects,gravitational effects
gravitational phenomena,gravitational phenomena
gravitational pull,gravitational pull
gravitational time dilation,gravitational time dilation
gravitational waves,gravitational waves
holographic principle,holographic principle
imagination,imagination
infinite density,infinite density
information paradox,information paradox
information storage challenges,information storage challenges
laws of physics,laws of physics
light escape,light escape
massive stars,massive stars
merger,merger
mysteries,mysteries
new physics,new physics
nuclear fuel,nuclear fuel
ongoing research,ongoing research
point of no return,point of no return
properties,properties
quantum effects,quantum effects
quantum gravity,quantum gravity
quantum mechanics ideas,quantum mechanics ideas
relative observers,relative observers
scientific exploration,scientific exploration
scientific progress,scientific progress
scientific speculation,scientific speculation
scientific theories,scientific theories
singularity,singularity
spacetime nature,spacetime nature
spacetime warping,spacetime warping
supernova explosion,supernova explosion
testing gravity theories,testing gravity theories
theoretical physics,theoretical physics
understanding mysteries,understanding mysteries
unresolved puzzles,unresolved puzzles
unresolved questions,unresolved questions
